Название товара,Цена товара,Ссылка на товар
Люстра Ливсден Brown,20 230руб.,/petrozavodsk/product/lyustra-livsden-brown
Подвесной светильник Ливсден Brown,4590руб.,/petrozavodsk/product/podvesnoj-svetilnik-livsden-brown
Настольная лампа Ливсден Brown,8730руб.,/petrozavodsk/product/nastolnaya-lampa-livsden-brown
Бра Флиммер Black,1600руб.,/petrozavodsk/product/bra-flimmer-black
Люстра Флиммер Black,7240руб.,/petrozavodsk/product/lyustra-flimmer-black
Подвесной светильник Флиммер Black,1830руб.,/petrozavodsk/product/podvesnoj-svetilnik-flimmer-black
Настольная лампа Арбет Orange,2750руб.,/petrozavodsk/product/nastolnaya-lampa-arbet-orange
Настольная лампа Леррет Beige,4590руб.,/petrozavodsk/product/nastolnaya-lampa-lerret-beige
Настольная лампа Леррет White,2980руб.,/petrozavodsk/product/nastolnaya-lampa-lerret-white
Люстра Синдри Black,16 090руб.,/petrozavodsk/product/lyustra-sindri-black
Настольная лампа Арбет White,2750руб.,/petrozavodsk/product/nastolnaya-lampa-arbet-white
Настольная лампа Истад Black,1950руб.,/petrozavodsk/product/nastolnaya-lampa-istad-black
Настольная лампа Арбет Black,2750руб.,/petrozavodsk/product/nastolnaya-lampa-arbet-black
Торшер Нидлс Khaki,17 240руб.,/petrozavodsk/product/torsher-nidls-khaki
Настольная лампа Нидлс Raffia Beige,5740руб.,/petrozavodsk/product/nastolnaya-lampa-nidls-raffia-beige
Настольная лампа Манэт White,2640руб.,/petrozavodsk/product/nastolnaya-lampa-manet-white
Люстра Боллар White,26 440руб.,/petrozavodsk/product/lyustra-bollar-white
Настольная лампа Рибе Black,2180руб.,/petrozavodsk/product/nastolnaya-lampa-ribe-black
Настольная лампа Арбет Silver,3900руб.,/petrozavodsk/product/nastolnaya-lampa-arbet-silver
Настольная лампа Рибе Orange,2180руб.,/petrozavodsk/product/nastolnaya-lampa-ribe-orange
Настольная лампа Спайк Pink,1600руб.,/petrozavodsk/product/nastolnaya-lampa-spajk-pink
Настольная лампа Снибальд White,910руб.,/petrozavodsk/product/nastolnaya-lampa-snibald-white
Настольная лампа Арбет Beige,2750руб.,/petrozavodsk/product/nastolnaya-lampa-arbet-beige
Настольная лампа Спайк White,1600руб.,/petrozavodsk/product/nastolnaya-lampa-spajk-white
Подвесной светильник Клауд White,11 490руб.,/petrozavodsk/product/podvesnoj-svetilnik-klaud-white
Подвесной светильник Сансет Black,6890руб.,/petrozavodsk/product/podvesnoj-svetilnik-sanset-black
Торшер Билли Black,22 650руб.,/petrozavodsk/product/torsher-billi-black
Настольная лампа Синдри Grey,5050руб.,/petrozavodsk/product/nastolnaya-lampa-sindri-grey
Подвесной светильник Бабл-9,22 990руб.,/petrozavodsk/product/podvesnoj-svetilnik-babl-9
Торшер Бабл-1,8040руб.,/petrozavodsk/product/torsher-babl-1
Подвесной светильник Бабл-3,8040руб.,/petrozavodsk/product/podvesnoj-svetilnik-babl-3
Бра Бабл Black,2980руб.,/petrozavodsk/product/bra-babl-black
Настольная лампа Дэнди Black,4590руб.,/petrozavodsk/product/nastolnaya-lampa-dendi-black
Настольная лампа Алней Black,4590руб.,/petrozavodsk/product/nastolnaya-lampa-alnej-black
Настольная лампа Дэнди White,4590руб.,/petrozavodsk/product/nastolnaya-lampa-dendi-white
Торшер Варио White,8730руб.,/petrozavodsk/product/torsher-vario-white
Бра Варио Black,1260руб.,/petrozavodsk/product/bra-vario-black
Бра Варио White,1260руб.,/petrozavodsk/product/bra-vario-white
Подвесной светильник Сансет White,6890руб.,/petrozavodsk/product/podvesnoj-svetilnik-sanset-white
Настольная лампа Алней Beige,4590руб.,/petrozavodsk/product/nastolnaya-lampa-alnej-beige
Подвесной светильник Кэндел Black,4590руб.,/petrozavodsk/product/podvesnoj-svetilnik-kendel-black
Подвесной светильник Кэндел White,4590руб.,/petrozavodsk/product/podvesnoj-svetilnik-kendel-white
Настольная лампа Астри Black,1600руб.,/petrozavodsk/product/nastolnaya-lampa-astri-black
Торшер Сканди White,11 490руб.,/petrozavodsk/product/torsher-skandi-white
Настольная лампа Гровер Glass,7470руб.,/petrozavodsk/product/nastolnaya-lampa-grover-glass
Торшер Рэй White,6430руб.,/petrozavodsk/product/torsher-rej-white
Настольная лампа Астри Beige,1600руб.,/petrozavodsk/product/nastolnaya-lampa-astri-beige
Торшер Мун Black,10 340руб.,/petrozavodsk/product/torsher-mun-black
